location,floor,name,品牌連結,資料來源網址,類別
遠百信義 A13,1F,ACREDO,https://www.feds.com.tw/tw/55/MallInfo/FloorStore?FloorId=172&StoreId=12038&tab=floor-1F&EntryPoint=info_floors&Source=Website,https://www.feds.com.tw/tw/55/MallInfo?tab=floor-1F&Source=Website&EntryPoint=info_floor,國際精名品
遠百信義 A13,1F,AMEDEO TESTONI,https://www.feds.com.tw/tw/55/MallInfo/FloorStore?FloorId=172&StoreId=10573&tab=floor-1F&EntryPoint=info_floors&Source=Website,https://www.feds.com.tw/tw/55/MallInfo?tab=floor-1F&Source=Website&EntryPoint=info_floor,國際精名品
遠百信義 A13,1F,AQUAZZURA,https://www.feds.com.tw/tw/55/MallInfo/FloorStore?FloorId=172&StoreId=11334&tab=floor-1F&EntryPoint=info_floors&Source=Website,https://www.feds.com.tw/tw/55/MallInfo?tab=floor-1F&Source=Website&EntryPoint=info_floor,國際精名品
遠百信義 A13,1F,AUDEMARS PIGUET,https://www.feds.com.tw/tw/55/MallInfo/FloorStore?FloorId=172&StoreId=9234&tab=floor-1F&EntryPoint=info_floors&Source=Website,https://www.feds.com.tw/tw/55/MallInfo?tab=floor-1F&Source=Website&EntryPoint=info_floor,國際精名品
遠百信義 A13,1F,BALLY,https://www.feds.com.tw/tw/55/MallInfo/FloorStore?FloorId=172&StoreId=9233&tab=floor-1F&EntryPoint=info_floors&Source=Website,https://www.feds.com.tw/tw/55/MallInfo?tab=floor-1F&Source=Website&EntryPoint=info_floor,國際精名品
遠百信義 A13,1F,BAO BAO ISSEY MIYAKE,https://www.feds.com.tw/tw/55/MallInfo/FloorStore?FloorId=172&StoreId=10619&tab=floor-1F&EntryPoint=info_floors&Source=Website,https://www.feds.com.tw/tw/55/MallInfo?tab=floor-1F&Source=Website&EntryPoint=info_floor,國際精名品
遠百信義 A13,1F,Cecilie Bahnsen,https://www.feds.com.tw/tw/55/MallInfo/FloorStore?FloorId=172&StoreId=11867&tab=floor-1F&EntryPoint=info_floors&Source=Website,https://www.feds.com.tw/tw/55/MallInfo?tab=floor-1F&Source=Website&EntryPoint=info_floor,國際精名品
遠百信義 A13,1F,CHANEL,https://www.feds.com.tw/tw/55/MallInfo/FloorStore?FloorId=172&StoreId=9707&tab=floor-1F&EntryPoint=info_floors&Source=Website,https://www.feds.com.tw/tw/55/MallInfo?tab=floor-1F&Source=Website&EntryPoint=info_floor,國際精名品
遠百信義 A13,1F,Chloé,https://www.feds.com.tw/tw/55/MallInfo/FloorStore?FloorId=172&StoreId=9232&tab=floor-1F&EntryPoint=info_floors&Source=Website,https://www.feds.com.tw/tw/55/MallInfo?tab=floor-1F&Source=Website&EntryPoint=info_floor,國際精名品
遠百信義 A13,1F,GLASSTIQUE,https://www.feds.com.tw/tw/55/MallInfo/FloorStore?FloorId=172&StoreId=9235&tab=floor-1F&EntryPoint=info_floors&Source=Website,https://www.feds.com.tw/tw/55/MallInfo?tab=floor-1F&Source=Website&EntryPoint=info_floor,國際精名品
遠百信義 A13,1F,NEIGHBORHOOD,https://www.feds.com.tw/tw/55/MallInfo/FloorStore?FloorId=172&StoreId=10972&tab=floor-1F&EntryPoint=info_floors&Source=Website,https://www.feds.com.tw/tw/55/MallInfo?tab=floor-1F&Source=Website&EntryPoint=info_floor,國際精名品
遠百信義 A13,1F,SANDRO,https://www.feds.com.tw/tw/55/MallInfo/FloorStore?FloorId=172&StoreId=12009&tab=floor-1F&EntryPoint=info_floors&Source=Website,https://www.feds.com.tw/tw/55/MallInfo?tab=floor-1F&Source=Website&EntryPoint=info_floor,國際精名品
遠百信義 A13,1F,SIMONE ROCHA,https://www.feds.com.tw/tw/55/MallInfo/FloorStore?FloorId=172&StoreId=10810&tab=floor-1F&EntryPoint=info_floors&Source=Website,https://www.feds.com.tw/tw/55/MallInfo?tab=floor-1F&Source=Website&EntryPoint=info_floor,國際精名品
遠百信義 A13,1F,St.Dupont,https://www.feds.com.tw/tw/55/MallInfo/FloorStore?FloorId=172&StoreId=11996&tab=floor-1F&EntryPoint=info_floors&Source=Website,https://www.feds.com.tw/tw/55/MallInfo?tab=floor-1F&Source=Website&EntryPoint=info_floor,國際精名品
遠百信義 A13,1F,TORY BURCH,https://www.feds.com.tw/tw/55/MallInfo/FloorStore?FloorId=172&StoreId=11952&tab=floor-1F&EntryPoint=info_floors&Source=Website,https://www.feds.com.tw/tw/55/MallInfo?tab=floor-1F&Source=Website&EntryPoint=info_floor,國際精名品
遠百信義 A13,1F,Vivienne Diamant,https://www.feds.com.tw/tw/55/MallInfo/FloorStore?FloorId=172&StoreId=11576&tab=floor-1F&EntryPoint=info_floors&Source=Website,https://www.feds.com.tw/tw/55/MallInfo?tab=floor-1F&Source=Website&EntryPoint=info_floor,國際精名品
遠百信義 A13,1F,clé de peau BEAUTÉ 肌膚之鑰,https://www.feds.com.tw/tw/55/MallInfo/FloorStore?FloorId=172&StoreId=9110&tab=floor-1F&EntryPoint=info_floors&Source=Website,https://www.feds.com.tw/tw/55/MallInfo?tab=floor-1F&Source=Website&EntryPoint=info_floor,彩妝保養
遠百信義 A13,1F,Dior 迪奧,https://www.feds.com.tw/tw/55/MallInfo/FloorStore?FloorId=172&StoreId=9122&tab=floor-1F&EntryPoint=info_floors&Source=Website,https://www.feds.com.tw/tw/55/MallInfo?tab=floor-1F&Source=Website&EntryPoint=info_floor,彩妝保養
遠百信義 A13,1F,ESTĒE LAUDER 雅詩蘭黛,https://www.feds.com.tw/tw/55/MallInfo/FloorStore?FloorId=172&StoreId=9114&tab=floor-1F&EntryPoint=info_floors&Source=Website,https://www.feds.com.tw/tw/55/MallInfo?tab=floor-1F&Source=Website&EntryPoint=info_floor,彩妝保養
遠百信義 A13,1F,GUERLAIN 嬌蘭,https://www.feds.com.tw/tw/55/MallInfo/FloorStore?FloorId=172&StoreId=9117&tab=floor-1F&EntryPoint=info_floors&Source=Website,https://www.feds.com.tw/tw/55/MallInfo?tab=floor-1F&Source=Website&EntryPoint=info_floor,彩妝保養
遠百信義 A13,1F,LA MER 海洋拉娜,https://www.feds.com.tw/tw/55/MallInfo/FloorStore?FloorId=172&StoreId=9111&tab=floor-1F&EntryPoint=info_floors&Source=Website,https://www.feds.com.tw/tw/55/MallInfo?tab=floor-1F&Source=Website&EntryPoint=info_floor,彩妝保養
遠百信義 A13,1F,LANCÔME 蘭蔻,https://www.feds.com.tw/tw/55/MallInfo/FloorStore?FloorId=172&StoreId=9116&tab=floor-1F&EntryPoint=info_floors&Source=Website,https://www.feds.com.tw/tw/55/MallInfo?tab=floor-1F&Source=Website&EntryPoint=info_floor,彩妝保養
遠百信義 A13,1F,SHISEIDO 資生堂 國際櫃,https://www.feds.com.tw/tw/55/MallInfo/FloorStore?FloorId=172&StoreId=9112&tab=floor-1F&EntryPoint=info_floors&Source=Website,https://www.feds.com.tw/tw/55/MallInfo?tab=floor-1F&Source=Website&EntryPoint=info_floor,彩妝保養
遠百信義 A13,1F,sisley,https://www.feds.com.tw/tw/55/MallInfo/FloorStore?FloorId=172&StoreId=9113&tab=floor-1F&EntryPoint=info_floors&Source=Website,https://www.feds.com.tw/tw/55/MallInfo?tab=floor-1F&Source=Website&EntryPoint=info_floor,彩妝保養
遠百信義 A13,1F,SK-II,https://www.feds.com.tw/tw/55/MallInfo/FloorStore?FloorId=172&StoreId=9120&tab=floor-1F&EntryPoint=info_floors&Source=Website,https://www.feds.com.tw/tw/55/MallInfo?tab=floor-1F&Source=Website&EntryPoint=info_floor,彩妝保養
遠百信義 A13,1F,Lady M,https://www.feds.com.tw/tw/55/MallInfo/FloorRestaurant?FloorId=172&RestaurantId=271&tab=floor-1F&EntryPoint=info_floors&Source=Website,https://www.feds.com.tw/tw/55/MallInfo?tab=floor-1F&Source=Website&EntryPoint=info_floor,甜點麵包
遠百信義 A13,1F,DINTAIFUNG 鼎泰豐,https://www.feds.com.tw/tw/55/MallInfo/FloorRestaurant?FloorId=172&RestaurantId=270&tab=floor-1F&EntryPoint=info_floors&Source=Website,https://www.feds.com.tw/tw/55/MallInfo?tab=floor-1F&Source=Website&EntryPoint=info_floor,主題餐廳
遠百信義 A13,2F,45R,https://www.feds.com.tw/tw/55/MallInfo/FloorStore?FloorId=173&StoreId=10345&tab=floor-2F&EntryPoint=info_floors&Source=Website,https://www.feds.com.tw/tw/55/MallInfo?tab=floor-2F&Source=Website&EntryPoint=info_floor,國際精名品
遠百信義 A13,2F,APM Monaco,https://www.feds.com.tw/tw/55/MallInfo/FloorStore?FloorId=173&StoreId=9170&tab=floor-2F&EntryPoint=info_floors&Source=Website,https://www.feds.com.tw/tw/55/MallInfo?tab=floor-2F&Source=Website&EntryPoint=info_floor,國際精名品
遠百信義 A13,2F,CAMPER,https://www.feds.com.tw/tw/55/MallInfo/FloorStore?FloorId=173&StoreId=10738&tab=floor-2F&EntryPoint=info_floors&Source=Website,https://www.feds.com.tw/tw/55/MallInfo?tab=floor-2F&Source=Website&EntryPoint=info_floor,國際精名品
遠百信義 A13,2F,CLUB DESIGNER,https://www.feds.com.tw/tw/55/MallInfo/FloorStore?FloorId=173&StoreId=11175&tab=floor-2F&EntryPoint=info_floors&Source=Website,https://www.feds.com.tw/tw/55/MallInfo?tab=floor-2F&Source=Website&EntryPoint=info_floor,國際精名品
遠百信義 A13,2F,GEORG JENSEN,https://www.feds.com.tw/tw/55/MallInfo/FloorStore?FloorId=173&StoreId=9187&tab=floor-2F&EntryPoint=info_floors&Source=Website,https://www.feds.com.tw/tw/55/MallInfo?tab=floor-2F&Source=Website&EntryPoint=info_floor,國際精名品
遠百信義 A13,2F,HOTEL V,https://www.feds.com.tw/tw/55/MallInfo/FloorStore?FloorId=173&StoreId=12005&tab=floor-2F&EntryPoint=info_floors&Source=Website,https://www.feds.com.tw/tw/55/MallInfo?tab=floor-2F&Source=Website&EntryPoint=info_floor,國際精名品
遠百信義 A13,2F,KARLLAGERFELD,https://www.feds.com.tw/tw/55/MallInfo/FloorStore?FloorId=173&StoreId=12004&tab=floor-2F&EntryPoint=info_floors&Source=Website,https://www.feds.com.tw/tw/55/MallInfo?tab=floor-2F&Source=Website&EntryPoint=info_floor,國際精名品
遠百信義 A13,2F,LONGINES,https://www.feds.com.tw/tw/55/MallInfo/FloorStore?FloorId=173&StoreId=9214&tab=floor-2F&EntryPoint=info_floors&Source=Website,https://www.feds.com.tw/tw/55/MallInfo?tab=floor-2F&Source=Website&EntryPoint=info_floor,國際精名品
遠百信義 A13,2F,M.&KYOKO,https://www.feds.com.tw/tw/55/MallInfo/FloorStore?FloorId=173&StoreId=11949&tab=floor-2F&EntryPoint=info_floors&Source=Website,https://www.feds.com.tw/tw/55/MallInfo?tab=floor-2F&Source=Website&EntryPoint=info_floor,國際精名品
遠百信義 A13,2F,me ISSEY MIYAKE,https://www.feds.com.tw/tw/55/MallInfo/FloorStore?FloorId=173&StoreId=11842&tab=floor-2F&EntryPoint=info_floors&Source=Website,https://www.feds.com.tw/tw/55/MallInfo?tab=floor-2F&Source=Website&EntryPoint=info_floor,國際精名品
遠百信義 A13,2F,Plantation,https://www.feds.com.tw/tw/55/MallInfo/FloorStore?FloorId=173&StoreId=11844&tab=floor-2F&EntryPoint=info_floors&Source=Website,https://www.feds.com.tw/tw/55/MallInfo?tab=floor-2F&Source=Website&EntryPoint=info_floor,國際精名品
遠百信義 A13,2F,POLO RALPH LAUREN,https://www.feds.com.tw/tw/55/MallInfo/FloorStore?FloorId=173&StoreId=9216&tab=floor-2F&EntryPoint=info_floors&Source=Website,https://www.feds.com.tw/tw/55/MallInfo?tab=floor-2F&Source=Website&EntryPoint=info_floor,國際精名品
遠百信義 A13,2F,SHIATZY CHEN,https://www.feds.com.tw/tw/55/MallInfo/FloorStore?FloorId=173&StoreId=11840&tab=floor-2F&EntryPoint=info_floors&Source=Website,https://www.feds.com.tw/tw/55/MallInfo?tab=floor-2F&Source=Website&EntryPoint=info_floor,國際精名品
遠百信義 A13,2F,STORY WEAR,https://www.feds.com.tw/tw/55/MallInfo/FloorStore?FloorId=173&StoreId=12011&tab=floor-2F&EntryPoint=info_floors&Source=Website,https://www.feds.com.tw/tw/55/MallInfo?tab=floor-2F&Source=Website&EntryPoint=info_floor,國際精名品
遠百信義 A13,2F,SWAROVSKI,https://www.feds.com.tw/tw/55/MallInfo/FloorStore?FloorId=173&StoreId=9180&tab=floor-2F&EntryPoint=info_floors&Source=Website,https://www.feds.com.tw/tw/55/MallInfo?tab=floor-2F&Source=Website&EntryPoint=info_floor,國際精名品
遠百信義 A13,2F,Vivienne Westwood,https://www.feds.com.tw/tw/55/MallInfo/FloorStore?FloorId=173&StoreId=9210&tab=floor-2F&EntryPoint=info_floors&Source=Website,https://www.feds.com.tw/tw/55/MallInfo?tab=floor-2F&Source=Website&EntryPoint=info_floor,國際精名品
遠百信義 A13,2F,Y-3,https://www.feds.com.tw/tw/55/MallInfo/FloorStore?FloorId=173&StoreId=9209&tab=floor-2F&EntryPoint=info_floors&Source=Website,https://www.feds.com.tw/tw/55/MallInfo?tab=floor-2F&Source=Website&EntryPoint=info_floor,國際精名品
遠百信義 A13,2F,ZUCCa,https://www.feds.com.tw/tw/55/MallInfo/FloorStore?FloorId=173&StoreId=11714&tab=floor-2F&EntryPoint=info_floors&Source=Website,https://www.feds.com.tw/tw/55/MallInfo?tab=floor-2F&Source=Website&EntryPoint=info_floor,國際精名品
遠百信義 A13,2F,ART18,https://www.feds.com.tw/tw/55/MallInfo/FloorStore?FloorId=173&StoreId=11001&tab=floor-2F&EntryPoint=info_floors&Source=Website,https://www.feds.com.tw/tw/55/MallInfo?tab=floor-2F&Source=Website&EntryPoint=info_floor,黃金珠寶
遠百信義 A13,2F,JEpoque,https://www.feds.com.tw/tw/55/MallInfo/FloorStore?FloorId=173&StoreId=11162&tab=floor-2F&EntryPoint=info_floors&Source=Website,https://www.feds.com.tw/tw/55/MallInfo?tab=floor-2F&Source=Website&EntryPoint=info_floor,飾品配件
遠百信義 A13,2F,ATKINSONS,https://www.feds.com.tw/tw/55/MallInfo/FloorStore?FloorId=173&StoreId=11715&tab=floor-2F&EntryPoint=info_floors&Source=Website,https://www.feds.com.tw/tw/55/MallInfo?tab=floor-2F&Source=Website&EntryPoint=info_floor,SPA香氛
遠百信義 A13,2F,BeyondSenses,https://www.feds.com.tw/tw/55/MallInfo/FloorStore?FloorId=173&StoreId=11002&tab=floor-2F&EntryPoint=info_floors&Source=Website,https://www.feds.com.tw/tw/55/MallInfo?tab=floor-2F&Source=Website&EntryPoint=info_floor,SPA香氛
遠百信義 A13,2F,先亞香氛,https://www.feds.com.tw/tw/55/MallInfo/FloorStore?FloorId=173&StoreId=10062&tab=floor-2F&EntryPoint=info_floors&Source=Website,https://www.feds.com.tw/tw/55/MallInfo?tab=floor-2F&Source=Website&EntryPoint=info_floor,SPA香氛
遠百信義 A13,3F,AIGLE,https://www.feds.com.tw/tw/55/MallInfo/FloorStore?FloorId=174&StoreId=9224&tab=floor-3F&EntryPoint=info_floors&Source=Website,https://www.feds.com.tw/tw/55/MallInfo?tab=floor-3F&Source=Website&EntryPoint=info_floor,國際精名品
遠百信義 A13,3F,BLVCK PARIS,https://www.feds.com.tw/tw/55/MallInfo/FloorStore?FloorId=174&StoreId=11657&tab=floor-3F&EntryPoint=info_floors&Source=Website,https://www.feds.com.tw/tw/55/MallInfo?tab=floor-3F&Source=Website&EntryPoint=info_floor,國際精名品
遠百信義 A13,3F,BRIC'S,https://www.feds.com.tw/tw/55/MallInfo/FloorStore?FloorId=174&StoreId=9659&tab=floor-3F&EntryPoint=info_floors&Source=Website,https://www.feds.com.tw/tw/55/MallInfo?tab=floor-3F&Source=Website&EntryPoint=info_floor,國際精名品
遠百信義 A13,3F,Calvin Klein,https://www.feds.com.tw/tw/55/MallInfo/FloorStore?FloorId=174&StoreId=11734&tab=floor-3F&EntryPoint=info_floors&Source=Website,https://www.feds.com.tw/tw/55/MallInfo?tab=floor-3F&Source=Website&EntryPoint=info_floor,國際精名品
遠百信義 A13,3F,CHARRIOL,https://www.feds.com.tw/tw/55/MallInfo/FloorStore?FloorId=174&StoreId=9197&tab=floor-3F&EntryPoint=info_floors&Source=Website,https://www.feds.com.tw/tw/55/MallInfo?tab=floor-3F&Source=Website&EntryPoint=info_floor,國際精名品
遠百信義 A13,3F,FREED,https://www.feds.com.tw/tw/55/MallInfo/FloorStore?FloorId=174&StoreId=11864&tab=floor-3F&EntryPoint=info_floors&Source=Website,https://www.feds.com.tw/tw/55/MallInfo?tab=floor-3F&Source=Website&EntryPoint=info_floor,國際精名品
遠百信義 A13,3F,HAMILTON,https://www.feds.com.tw/tw/55/MallInfo/FloorStore?FloorId=174&StoreId=9200&tab=floor-3F&EntryPoint=info_floors&Source=Website,https://www.feds.com.tw/tw/55/MallInfo?tab=floor-3F&Source=Website&EntryPoint=info_floor,國際精名品
遠百信義 A13,3F,LAPAGE日本鉑金婚戒,https://www.feds.com.tw/tw/55/MallInfo/FloorStore?FloorId=174&StoreId=9192&tab=floor-3F&EntryPoint=info_floors&Source=Website,https://www.feds.com.tw/tw/55/MallInfo?tab=floor-3F&Source=Website&EntryPoint=info_floor,國際精名品
遠百信義 A13,3F,MIDO,https://www.feds.com.tw/tw/55/MallInfo/FloorStore?FloorId=174&StoreId=9202&tab=floor-3F&EntryPoint=info_floors&Source=Website,https://www.feds.com.tw/tw/55/MallInfo?tab=floor-3F&Source=Website&EntryPoint=info_floor,國際精名品
遠百信義 A13,3F,RADO,https://www.feds.com.tw/tw/55/MallInfo/FloorStore?FloorId=174&StoreId=9198&tab=floor-3F&EntryPoint=info_floors&Source=Website,https://www.feds.com.tw/tw/55/MallInfo?tab=floor-3F&Source=Website&EntryPoint=info_floor,國際精名品
遠百信義 A13,3F,SACA,https://www.feds.com.tw/tw/55/MallInfo/FloorStore?FloorId=174&StoreId=11663&tab=floor-3F&EntryPoint=info_floors&Source=Website,https://www.feds.com.tw/tw/55/MallInfo?tab=floor-3F&Source=Website&EntryPoint=info_floor,國際精名品
遠百信義 A13,3F,SEIKO,https://www.feds.com.tw/tw/55/MallInfo/FloorStore?FloorId=174&StoreId=11113&tab=floor-3F&EntryPoint=info_floors&Source=Website,https://www.feds.com.tw/tw/55/MallInfo?tab=floor-3F&Source=Website&EntryPoint=info_floor,國際精名品
遠百信義 A13,3F,Silver. g 銀世代,https://www.feds.com.tw/tw/55/MallInfo/FloorStore?FloorId=174&StoreId=11736&tab=floor-3F&EntryPoint=info_floors&Source=Website,https://www.feds.com.tw/tw/55/MallInfo?tab=floor-3F&Source=Website&EntryPoint=info_floor,國際精名品
遠百信義 A13,3F,SPEEDCHAMPS,https://www.feds.com.tw/tw/55/MallInfo/FloorStore?FloorId=174&StoreId=9396&tab=floor-3F&EntryPoint=info_floors&Source=Website,https://www.feds.com.tw/tw/55/MallInfo?tab=floor-3F&Source=Website&EntryPoint=info_floor,國際精名品
遠百信義 A13,3F,True Religion,https://www.feds.com.tw/tw/55/MallInfo/FloorStore?FloorId=174&StoreId=9178&tab=floor-3F&EntryPoint=info_floors&Source=Website,https://www.feds.com.tw/tw/55/MallInfo?tab=floor-3F&Source=Website&EntryPoint=info_floor,國際精名品
遠百信義 A13,3F,VAST&WET,https://www.feds.com.tw/tw/55/MallInfo/FloorStore?FloorId=174&StoreId=12008&tab=floor-3F&EntryPoint=info_floors&Source=Website,https://www.feds.com.tw/tw/55/MallInfo?tab=floor-3F&Source=Website&EntryPoint=info_floor,國際精名品
遠百信義 A13,3F,今生金飾,https://www.feds.com.tw/tw/55/MallInfo/FloorStore?FloorId=174&StoreId=11980&tab=floor-3F&EntryPoint=info_floors&Source=Website,https://www.feds.com.tw/tw/55/MallInfo?tab=floor-3F&Source=Website&EntryPoint=info_floor,黃金珠寶
遠百信義 A13,3F,周薇設計師珠寶,https://www.feds.com.tw/tw/55/MallInfo/FloorStore?FloorId=174&StoreId=10145&tab=floor-3F&EntryPoint=info_floors&Source=Website,https://www.feds.com.tw/tw/55/MallInfo?tab=floor-3F&Source=Website&EntryPoint=info_floor,黃金珠寶
遠百信義 A13,3F,林曉同,https://www.feds.com.tw/tw/55/MallInfo/FloorStore?FloorId=174&StoreId=9121&tab=floor-3F&EntryPoint=info_floors&Source=Website,https://www.feds.com.tw/tw/55/MallInfo?tab=floor-3F&Source=Website&EntryPoint=info_floor,黃金珠寶
遠百信義 A13,3F,HOT TOYS,https://www.feds.com.tw/tw/55/MallInfo/FloorStore?FloorId=174&StoreId=11045&tab=floor-3F&EntryPoint=info_floors&Source=Website,https://www.feds.com.tw/tw/55/MallInfo?tab=floor-3F&Source=Website&EntryPoint=info_floor,專門店
遠百信義 A13,3F,LEGO ® Certified Store TW - Sunkids 樂豐實業台灣樂高授權專賣店,https://www.feds.com.tw/tw/55/MallInfo/FloorStore?FloorId=174&StoreId=11785&tab=floor-3F&EntryPoint=info_floors&Source=Website,https://www.feds.com.tw/tw/55/MallInfo?tab=floor-3F&Source=Website&EntryPoint=info_floor,專門店
遠百信義 A13,3F,Thule,https://www.feds.com.tw/tw/55/MallInfo/FloorStore?FloorId=174&StoreId=11399&tab=floor-3F&EntryPoint=info_floors&Source=Website,https://www.feds.com.tw/tw/55/MallInfo?tab=floor-3F&Source=Website&EntryPoint=info_floor,專門店
遠百信義 A13,3F,野獸國,https://www.feds.com.tw/tw/55/MallInfo/FloorStore?FloorId=174&StoreId=10230&tab=floor-3F&EntryPoint=info_floors&Source=Website,https://www.feds.com.tw/tw/55/MallInfo?tab=floor-3F&Source=Website&EntryPoint=info_floor,專門店
遠百信義 A13,3F,NAIL NAIL,https://www.feds.com.tw/tw/55/MallInfo/FloorStore?FloorId=174&StoreId=9975&tab=floor-3F&EntryPoint=info_floors&Source=Website,https://www.feds.com.tw/tw/55/MallInfo?tab=floor-3F&Source=Website&EntryPoint=info_floor,SPA香氛
遠百信義 A13,3F,STARBRANDS+,https://www.feds.com.tw/tw/55/MallInfo/FloorStore?FloorId=174&StoreId=9222&tab=floor-3F&EntryPoint=info_floors&Source=Website,https://www.feds.com.tw/tw/55/MallInfo?tab=floor-3F&Source=Website&EntryPoint=info_floor,SPA香氛
遠百信義 A13,4F,卡帝本植茶焙所,https://www.feds.com.tw/tw/55/MallInfo/FloorStore?FloorId=175&StoreId=11854&tab=floor-4F&EntryPoint=info_floors&Source=Website,https://www.feds.com.tw/tw/55/MallInfo?tab=floor-4F&Source=Website&EntryPoint=info_floor,主題餐廳
遠百信義 A13,4F,滋粒冰菓室,https://www.feds.com.tw/tw/55/MallInfo/FloorStore?FloorId=175&StoreId=11855&tab=floor-4F&EntryPoint=info_floors&Source=Website,https://www.feds.com.tw/tw/55/MallInfo?tab=floor-4F&Source=Website&EntryPoint=info_floor,主題餐廳
遠百信義 A13,4F,竹光杏仁純,https://www.feds.com.tw/tw/55/MallInfo/FloorStore?FloorId=175&StoreId=10674&tab=floor-4F&EntryPoint=info_floors&Source=Website,https://www.feds.com.tw/tw/55/MallInfo?tab=floor-4F&Source=Website&EntryPoint=info_floor,主題餐廳
遠百信義 A13,4F,雞二哥,https://www.feds.com.tw/tw/55/MallInfo/FloorStore?FloorId=175&StoreId=11155&tab=floor-4F&EntryPoint=info_floors&Source=Website,https://www.feds.com.tw/tw/55/MallInfo?tab=floor-4F&Source=Website&EntryPoint=info_floor,主題餐廳
遠百信義 A13,4F,奎士咖啡,https://www.feds.com.tw/tw/55/MallInfo/FloorStore?FloorId=175&StoreId=11489&tab=floor-4F&EntryPoint=info_floors&Source=Website,https://www.feds.com.tw/tw/55/MallInfo?tab=floor-4F&Source=Website&EntryPoint=info_floor,主題餐廳
遠百信義 A13,4F,施房茶舍,https://www.feds.com.tw/tw/55/MallInfo/FloorStore?FloorId=175&StoreId=10811&tab=floor-4F&EntryPoint=info_floors&Source=Website,https://www.feds.com.tw/tw/55/MallInfo?tab=floor-4F&Source=Website&EntryPoint=info_floor,主題餐廳
遠百信義 A13,4F,卡帝本植茶焙所,https://www.feds.com.tw/tw/55/MallInfo/FloorStore?FloorId=175&StoreId=11854&tab=floor-4F&EntryPoint=info_floors&Source=Website,https://www.feds.com.tw/tw/55/MallInfo?tab=floor-4F&Source=Website&EntryPoint=info_floor,美食小吃
遠百信義 A13,4F,滋粒冰菓室,https://www.feds.com.tw/tw/55/MallInfo/FloorStore?FloorId=175&StoreId=11855&tab=floor-4F&EntryPoint=info_floors&Source=Website,https://www.feds.com.tw/tw/55/MallInfo?tab=floor-4F&Source=Website&EntryPoint=info_floor,美食小吃
遠百信義 A13,4F,竹光杏仁純,https://www.feds.com.tw/tw/55/MallInfo/FloorStore?FloorId=175&StoreId=10674&tab=floor-4F&EntryPoint=info_floors&Source=Website,https://www.feds.com.tw/tw/55/MallInfo?tab=floor-4F&Source=Website&EntryPoint=info_floor,美食小吃
遠百信義 A13,4F,雞二哥,https://www.feds.com.tw/tw/55/MallInfo/FloorStore?FloorId=175&StoreId=11155&tab=floor-4F&EntryPoint=info_floors&Source=Website,https://www.feds.com.tw/tw/55/MallInfo?tab=floor-4F&Source=Website&EntryPoint=info_floor,美食小吃
遠百信義 A13,5F,Baby City 娃娃城,https://www.feds.com.tw/tw/55/MallInfo/FloorStore?FloorId=176&StoreId=9287&tab=floor-5F&EntryPoint=info_floors&Source=Website,https://www.feds.com.tw/tw/55/MallInfo?tab=floor-5F&Source=Website&EntryPoint=info_floor,婦嬰兒童
遠百信義 A13,5F,iloom怡倫家居,https://www.feds.com.tw/tw/55/MallInfo/FloorStore?FloorId=176&StoreId=10981&tab=floor-5F&EntryPoint=info_floors&Source=Website,https://www.feds.com.tw/tw/55/MallInfo?tab=floor-5F&Source=Website&EntryPoint=info_floor,婦嬰兒童
遠百信義 A13,5F,Le premier 送子鳥,https://www.feds.com.tw/tw/55/MallInfo/FloorStore?FloorId=176&StoreId=11531&tab=floor-5F&EntryPoint=info_floors&Source=Website,https://www.feds.com.tw/tw/55/MallInfo?tab=floor-5F&Source=Website&EntryPoint=info_floor,婦嬰兒童
遠百信義 A13,5F,mamas & papas,https://www.feds.com.tw/tw/55/MallInfo/FloorStore?FloorId=176&StoreId=10989&tab=floor-5F&EntryPoint=info_floors&Source=Website,https://www.feds.com.tw/tw/55/MallInfo?tab=floor-5F&Source=Website&EntryPoint=info_floor,婦嬰兒童
遠百信義 A13,5F,NUNA,https://www.feds.com.tw/tw/55/MallInfo/FloorStore?FloorId=176&StoreId=9286&tab=floor-5F&EntryPoint=info_floors&Source=Website,https://www.feds.com.tw/tw/55/MallInfo?tab=floor-5F&Source=Website&EntryPoint=info_floor,婦嬰兒童
遠百信義 A13,5F,Funbox,https://www.feds.com.tw/tw/55/MallInfo/FloorStore?FloorId=176&StoreId=9279&tab=floor-5F&EntryPoint=info_floors&Source=Website,https://www.feds.com.tw/tw/55/MallInfo?tab=floor-5F&Source=Website&EntryPoint=info_floor,玩具益智
遠百信義 A13,5F,新葡苑,https://www.feds.com.tw/tw/55/MallInfo/FloorRestaurant?FloorId=176&RestaurantId=464&tab=floor-5F&EntryPoint=info_floors&Source=Website,https://www.feds.com.tw/tw/55/MallInfo?tab=floor-5F&Source=Website&EntryPoint=info_floor,主題餐廳
遠百信義 A13,6F,ANYBEARS,https://www.feds.com.tw/tw/55/MallInfo/FloorStore?FloorId=177&StoreId=11341&tab=floor-6F&EntryPoint=info_floors&Source=Website,https://www.feds.com.tw/tw/55/MallInfo?tab=floor-6F&Source=Website&EntryPoint=info_floor,潮流牛仔
遠百信義 A13,6F,BBC,https://www.feds.com.tw/tw/55/MallInfo/FloorStore?FloorId=177&StoreId=11779&tab=floor-6F&EntryPoint=info_floors&Source=Website,https://www.feds.com.tw/tw/55/MallInfo?tab=floor-6F&Source=Website&EntryPoint=info_floor,潮流牛仔
遠百信義 A13,6F,BSX,https://www.feds.com.tw/tw/55/MallInfo/FloorStore?FloorId=177&StoreId=11733&tab=floor-6F&EntryPoint=info_floors&Source=Website,https://www.feds.com.tw/tw/55/MallInfo?tab=floor-6F&Source=Website&EntryPoint=info_floor,潮流牛仔
遠百信義 A13,6F,CHOIR,https://www.feds.com.tw/tw/55/MallInfo/FloorStore?FloorId=177&StoreId=11905&tab=floor-6F&EntryPoint=info_floors&Source=Website,https://www.feds.com.tw/tw/55/MallInfo?tab=floor-6F&Source=Website&EntryPoint=info_floor,潮流牛仔
遠百信義 A13,6F,DYCTEAM,https://www.feds.com.tw/tw/55/MallInfo/FloorStore?FloorId=177&StoreId=9270&tab=floor-6F&EntryPoint=info_floors&Source=Website,https://www.feds.com.tw/tw/55/MallInfo?tab=floor-6F&Source=Website&EntryPoint=info_floor,潮流牛仔
遠百信義 A13,6F,LEVI'S,https://www.feds.com.tw/tw/55/MallInfo/FloorStore?FloorId=177&StoreId=9242&tab=floor-6F&EntryPoint=info_floors&Source=Website,https://www.feds.com.tw/tw/55/MallInfo?tab=floor-6F&Source=Website&EntryPoint=info_floor,潮流牛仔
遠百信義 A13,6F,Arc'teryx,https://www.feds.com.tw/tw/55/MallInfo/FloorStore?FloorId=177&StoreId=9249&tab=floor-6F&EntryPoint=info_floors&Source=Website,https://www.feds.com.tw/tw/55/MallInfo?tab=floor-6F&Source=Website&EntryPoint=info_floor,戶外休閒
遠百信義 A13,6F,BIRKENSTOCK,https://www.feds.com.tw/tw/55/MallInfo/FloorStore?FloorId=177&StoreId=9241&tab=floor-6F&EntryPoint=info_floors&Source=Website,https://www.feds.com.tw/tw/55/MallInfo?tab=floor-6F&Source=Website&EntryPoint=info_floor,戶外休閒
遠百信義 A13,6F,Carhartt WIP,https://www.feds.com.tw/tw/55/MallInfo/FloorStore?FloorId=177&StoreId=9248&tab=floor-6F&EntryPoint=info_floors&Source=Website,https://www.feds.com.tw/tw/55/MallInfo?tab=floor-6F&Source=Website&EntryPoint=info_floor,戶外休閒
遠百信義 A13,6F,G2000,https://www.feds.com.tw/tw/55/MallInfo/FloorStore?FloorId=177&StoreId=11971&tab=floor-6F&EntryPoint=info_floors&Source=Website,https://www.feds.com.tw/tw/55/MallInfo?tab=floor-6F&Source=Website&EntryPoint=info_floor,戶外休閒
遠百信義 A13,6F,PROKAN波樂,https://www.feds.com.tw/tw/55/MallInfo/FloorStore?FloorId=177&StoreId=10753&tab=floor-6F&EntryPoint=info_floors&Source=Website,https://www.feds.com.tw/tw/55/MallInfo?tab=floor-6F&Source=Website&EntryPoint=info_floor,戶外休閒
遠百信義 A13,6F,REDWING,https://www.feds.com.tw/tw/55/MallInfo/FloorStore?FloorId=177&StoreId=11778&tab=floor-6F&EntryPoint=info_floors&Source=Website,https://www.feds.com.tw/tw/55/MallInfo?tab=floor-6F&Source=Website&EntryPoint=info_floor,戶外休閒
遠百信義 A13,6F,REEBOK CLASSIC,https://www.feds.com.tw/tw/55/MallInfo/FloorStore?FloorId=177&StoreId=9269&tab=floor-6F&EntryPoint=info_floors&Source=Website,https://www.feds.com.tw/tw/55/MallInfo?tab=floor-6F&Source=Website&EntryPoint=info_floor,戶外休閒
遠百信義 A13,6F,VANGER,https://www.feds.com.tw/tw/55/MallInfo/FloorStore?FloorId=177&StoreId=11387&tab=floor-6F&EntryPoint=info_floors&Source=Website,https://www.feds.com.tw/tw/55/MallInfo?tab=floor-6F&Source=Website&EntryPoint=info_floor,戶外休閒
遠百信義 A13,6F,White Rock,https://www.feds.com.tw/tw/55/MallInfo/FloorStore?FloorId=177&StoreId=9271&tab=floor-6F&EntryPoint=info_floors&Source=Website,https://www.feds.com.tw/tw/55/MallInfo?tab=floor-6F&Source=Website&EntryPoint=info_floor,戶外休閒
遠百信義 A13,6F,PALLADIUM,https://www.feds.com.tw/tw/55/MallInfo/FloorStore?FloorId=177&StoreId=9251&tab=floor-6F&EntryPoint=info_floors&Source=Website,https://www.feds.com.tw/tw/55/MallInfo?tab=floor-6F&Source=Website&EntryPoint=info_floor,飾品配件
遠百信義 A13,7F,adidas,https://www.feds.com.tw/tw/55/MallInfo/FloorStore?FloorId=178&StoreId=9254&tab=floor-7F&EntryPoint=info_floors&Source=Website,https://www.feds.com.tw/tw/55/MallInfo?tab=floor-7F&Source=Website&EntryPoint=info_floor,運動健身
遠百信義 A13,7F,FILA,https://www.feds.com.tw/tw/55/MallInfo/FloorStore?FloorId=178&StoreId=9257&tab=floor-7F&EntryPoint=info_floors&Source=Website,https://www.feds.com.tw/tw/55/MallInfo?tab=floor-7F&Source=Website&EntryPoint=info_floor,運動健身
遠百信義 A13,7F,K.SWISS,https://www.feds.com.tw/tw/55/MallInfo/FloorStore?FloorId=178&StoreId=10979&tab=floor-7F&EntryPoint=info_floors&Source=Website,https://www.feds.com.tw/tw/55/MallInfo?tab=floor-7F&Source=Website&EntryPoint=info_floor,運動健身
遠百信義 A13,7F,KANGOL,https://www.feds.com.tw/tw/55/MallInfo/FloorStore?FloorId=178&StoreId=11240&tab=floor-7F&EntryPoint=info_floors&Source=Website,https://www.feds.com.tw/tw/55/MallInfo?tab=floor-7F&Source=Website&EntryPoint=info_floor,運動健身
遠百信義 A13,7F,le coq sportif,https://www.feds.com.tw/tw/55/MallInfo/FloorStore?FloorId=178&StoreId=9267&tab=floor-7F&EntryPoint=info_floors&Source=Website,https://www.feds.com.tw/tw/55/MallInfo?tab=floor-7F&Source=Website&EntryPoint=info_floor,運動健身
遠百信義 A13,7F,new balance,https://www.feds.com.tw/tw/55/MallInfo/FloorStore?FloorId=178&StoreId=10980&tab=floor-7F&EntryPoint=info_floors&Source=Website,https://www.feds.com.tw/tw/55/MallInfo?tab=floor-7F&Source=Website&EntryPoint=info_floor,運動健身
遠百信義 A13,7F,NIKE,https://www.feds.com.tw/tw/55/MallInfo/FloorStore?FloorId=178&StoreId=9260&tab=floor-7F&EntryPoint=info_floors&Source=Website,https://www.feds.com.tw/tw/55/MallInfo?tab=floor-7F&Source=Website&EntryPoint=info_floor,運動健身
遠百信義 A13,7F,OUTDOOR,https://www.feds.com.tw/tw/55/MallInfo/FloorStore?FloorId=178&StoreId=11669&tab=floor-7F&EntryPoint=info_floors&Source=Website,https://www.feds.com.tw/tw/55/MallInfo?tab=floor-7F&Source=Website&EntryPoint=info_floor,運動健身
遠百信義 A13,7F,PUMA,https://www.feds.com.tw/tw/55/MallInfo/FloorStore?FloorId=178&StoreId=9253&tab=floor-7F&EntryPoint=info_floors&Source=Website,https://www.feds.com.tw/tw/55/MallInfo?tab=floor-7F&Source=Website&EntryPoint=info_floor,運動健身
遠百信義 A13,7F,SKECHERS,https://www.feds.com.tw/tw/55/MallInfo/FloorStore?FloorId=178&StoreId=9259&tab=floor-7F&EntryPoint=info_floors&Source=Website,https://www.feds.com.tw/tw/55/MallInfo?tab=floor-7F&Source=Website&EntryPoint=info_floor,運動健身
遠百信義 A13,7F,sNug,https://www.feds.com.tw/tw/55/MallInfo/FloorStore?FloorId=178&StoreId=11997&tab=floor-7F&EntryPoint=info_floors&Source=Website,https://www.feds.com.tw/tw/55/MallInfo?tab=floor-7F&Source=Website&EntryPoint=info_floor,運動健身
遠百信義 A13,7F,UNDER ARMOUR,https://www.feds.com.tw/tw/55/MallInfo/FloorStore?FloorId=178&StoreId=9261&tab=floor-7F&EntryPoint=info_floors&Source=Website,https://www.feds.com.tw/tw/55/MallInfo?tab=floor-7F&Source=Website&EntryPoint=info_floor,運動健身
遠百信義 A13,7F,涮乃葉壽司日式涮涮鍋,https://www.feds.com.tw/tw/55/MallInfo/FloorRestaurant?FloorId=178&RestaurantId=259&tab=floor-7F&EntryPoint=info_floors&Source=Website,https://www.feds.com.tw/tw/55/MallInfo?tab=floor-7F&Source=Website&EntryPoint=info_floor,主題餐廳
遠百信義 A13,8F,BOSE,https://www.feds.com.tw/tw/55/MallInfo/FloorStore?FloorId=179&StoreId=10291&tab=floor-8F&EntryPoint=info_floors&Source=Website,https://www.feds.com.tw/tw/55/MallInfo?tab=floor-8F&Source=Website&EntryPoint=info_floor,數位3C
遠百信義 A13,8F,SONY,https://www.feds.com.tw/tw/55/MallInfo/FloorStore?FloorId=179&StoreId=9302&tab=floor-8F&EntryPoint=info_floors&Source=Website,https://www.feds.com.tw/tw/55/MallInfo?tab=floor-8F&Source=Website&EntryPoint=info_floor,數位3C
遠百信義 A13,8F,ALESSI,https://www.feds.com.tw/tw/55/MallInfo/FloorStore?FloorId=179&StoreId=9290&tab=floor-8F&EntryPoint=info_floors&Source=Website,https://www.feds.com.tw/tw/55/MallInfo?tab=floor-8F&Source=Website&EntryPoint=info_floor,日用家電
遠百信義 A13,8F,ASKO (慎康),https://www.feds.com.tw/tw/55/MallInfo/FloorStore?FloorId=179&StoreId=10765&tab=floor-8F&EntryPoint=info_floors&Source=Website,https://www.feds.com.tw/tw/55/MallInfo?tab=floor-8F&Source=Website&EntryPoint=info_floor,日用家電
遠百信義 A13,8F,Electrolux伊萊克斯,https://www.feds.com.tw/tw/55/MallInfo/FloorStore?FloorId=179&StoreId=10983&tab=floor-8F&EntryPoint=info_floors&Source=Website,https://www.feds.com.tw/tw/55/MallInfo?tab=floor-8F&Source=Website&EntryPoint=info_floor,日用家電
遠百信義 A13,8F,HITACHI 日立,https://www.feds.com.tw/tw/55/MallInfo/FloorStore?FloorId=179&StoreId=9386&tab=floor-8F&EntryPoint=info_floors&Source=Website,https://www.feds.com.tw/tw/55/MallInfo?tab=floor-8F&Source=Website&EntryPoint=info_floor,日用家電
遠百信義 A13,8F,JOHNSON 喬山健康科技,https://www.feds.com.tw/tw/55/MallInfo/FloorStore?FloorId=179&StoreId=11945&tab=floor-8F&EntryPoint=info_floors&Source=Website,https://www.feds.com.tw/tw/55/MallInfo?tab=floor-8F&Source=Website&EntryPoint=info_floor,日用家電
遠百信義 A13,8F,JUNIOR COFFEE,https://www.feds.com.tw/tw/55/MallInfo/FloorStore?FloorId=179&StoreId=9291&tab=floor-8F&EntryPoint=info_floors&Source=Website,https://www.feds.com.tw/tw/55/MallInfo?tab=floor-8F&Source=Website&EntryPoint=info_floor,日用家電
遠百信義 A13,8F,Mitsubishi 三菱,https://www.feds.com.tw/tw/55/MallInfo/FloorStore?FloorId=179&StoreId=10982&tab=floor-8F&EntryPoint=info_floors&Source=Website,https://www.feds.com.tw/tw/55/MallInfo?tab=floor-8F&Source=Website&EntryPoint=info_floor,日用家電
遠百信義 A13,8F,OSIM,https://www.feds.com.tw/tw/55/MallInfo/FloorStore?FloorId=179&StoreId=9301&tab=floor-8F&EntryPoint=info_floors&Source=Website,https://www.feds.com.tw/tw/55/MallInfo?tab=floor-8F&Source=Website&EntryPoint=info_floor,日用家電
遠百信義 A13,8F,Panasonic,https://www.feds.com.tw/tw/55/MallInfo/FloorStore?FloorId=179&StoreId=9388&tab=floor-8F&EntryPoint=info_floors&Source=Website,https://www.feds.com.tw/tw/55/MallInfo?tab=floor-8F&Source=Website&EntryPoint=info_floor,日用家電
遠百信義 A13,8F,SOLE,https://www.feds.com.tw/tw/55/MallInfo/FloorStore?FloorId=179&StoreId=11343&tab=floor-8F&EntryPoint=info_floors&Source=Website,https://www.feds.com.tw/tw/55/MallInfo?tab=floor-8F&Source=Website&EntryPoint=info_floor,日用家電
遠百信義 A13,8F,佳醫,https://www.feds.com.tw/tw/55/MallInfo/FloorStore?FloorId=179&StoreId=10991&tab=floor-8F&EntryPoint=info_floors&Source=Website,https://www.feds.com.tw/tw/55/MallInfo?tab=floor-8F&Source=Website&EntryPoint=info_floor,日用家電
遠百信義 A13,8F,嘉儀,https://www.feds.com.tw/tw/55/MallInfo/FloorStore?FloorId=179&StoreId=9384&tab=floor-8F&EntryPoint=info_floors&Source=Website,https://www.feds.com.tw/tw/55/MallInfo?tab=floor-8F&Source=Website&EntryPoint=info_floor,日用家電
遠百信義 A13,8F,集雅社,https://www.feds.com.tw/tw/55/MallInfo/FloorStore?FloorId=179&StoreId=12020&tab=floor-8F&EntryPoint=info_floors&Source=Website,https://www.feds.com.tw/tw/55/MallInfo?tab=floor-8F&Source=Website&EntryPoint=info_floor,日用家電
遠百信義 A13,8F,Power Sleep 知識睡眠館,https://www.feds.com.tw/tw/55/MallInfo/FloorStore?FloorId=179&StoreId=11008&tab=floor-8F&EntryPoint=info_floors&Source=Website,https://www.feds.com.tw/tw/55/MallInfo?tab=floor-8F&Source=Website&EntryPoint=info_floor,家具家飾
遠百信義 A13,8F,sealy 席伊麗,https://www.feds.com.tw/tw/55/MallInfo/FloorStore?FloorId=179&StoreId=9292&tab=floor-8F&EntryPoint=info_floors&Source=Website,https://www.feds.com.tw/tw/55/MallInfo?tab=floor-8F&Source=Website&EntryPoint=info_floor,家具家飾
遠百信義 A13,8F,TEMPUR 丹普,https://www.feds.com.tw/tw/55/MallInfo/FloorStore?FloorId=179&StoreId=9278&tab=floor-8F&EntryPoint=info_floors&Source=Website,https://www.feds.com.tw/tw/55/MallInfo?tab=floor-8F&Source=Website&EntryPoint=info_floor,家具家飾
遠百信義 A13,8F,tittot 琉園,https://www.feds.com.tw/tw/55/MallInfo/FloorStore?FloorId=179&StoreId=12027&tab=floor-8F&EntryPoint=info_floors&Source=Website,https://www.feds.com.tw/tw/55/MallInfo?tab=floor-8F&Source=Website&EntryPoint=info_floor,家具家飾
遠百信義 A13,8F,Tonia Nicole 東妮寢飾,https://www.feds.com.tw/tw/55/MallInfo/FloorStore?FloorId=179&StoreId=9295&tab=floor-8F&EntryPoint=info_floors&Source=Website,https://www.feds.com.tw/tw/55/MallInfo?tab=floor-8F&Source=Website&EntryPoint=info_floor,家具家飾
遠百信義 A13,8F,京都西川,https://www.feds.com.tw/tw/55/MallInfo/FloorStore?FloorId=179&StoreId=10060&tab=floor-8F&EntryPoint=info_floors&Source=Website,https://www.feds.com.tw/tw/55/MallInfo?tab=floor-8F&Source=Website&EntryPoint=info_floor,家具家飾
遠百信義 A13,9F,旭集 和食集錦,https://www.feds.com.tw/tw/55/MallInfo/FloorRestaurant?FloorId=180&RestaurantId=281&tab=floor-9F&EntryPoint=info_floors&Source=Website,https://www.feds.com.tw/tw/55/MallInfo?tab=floor-9F&Source=Website&EntryPoint=info_floor,主題餐廳
遠百信義 A13,10-13F,映畫新視野-威秀影城 MUVIE CINEMAS,https://www.feds.com.tw/tw/55/MallInfo?tab=floor-10F&Source=Website&EntryPoint=info_floors,https://www.feds.com.tw/tw/55/MallInfo?tab=floor-10F&Source=Website&EntryPoint=info_floor,電影院
遠百信義 A13,14F,Hooters,https://www.feds.com.tw/tw/55/MallInfo/FloorRestaurant?FloorId=185&RestaurantId=278&tab=floor-14F&EntryPoint=info_floors&Source=Website,https://www.feds.com.tw/tw/55/MallInfo?tab=floor-14F&Source=Website&EntryPoint=info_floor,主題餐廳
遠百信義 A13,14F,八八燒肉專賣店,https://www.feds.com.tw/tw/55/MallInfo/FloorRestaurant?FloorId=185&RestaurantId=467&tab=floor-14F&EntryPoint=info_floors&Source=Website,https://www.feds.com.tw/tw/55/MallInfo?tab=floor-14F&Source=Website&EntryPoint=info_floor,主題餐廳
遠百信義 A13,14F,新馬辣Plus+,https://www.feds.com.tw/tw/55/MallInfo/FloorRestaurant?FloorId=185&RestaurantId=280&tab=floor-14F&EntryPoint=info_floors&Source=Website,https://www.feds.com.tw/tw/55/MallInfo?tab=floor-14F&Source=Website&EntryPoint=info_floor,主題餐廳
遠百信義 A13,14F,明水然・樂,https://www.feds.com.tw/tw/55/MallInfo/FloorRestaurant?FloorId=185&RestaurantId=447&tab=floor-14F&EntryPoint=info_floors&Source=Website,https://www.feds.com.tw/tw/55/MallInfo?tab=floor-14F&Source=Website&EntryPoint=info_floor,主題餐廳
遠百信義 A13,14F,筷炒 KUAICHAO,https://www.feds.com.tw/tw/55/MallInfo/FloorRestaurant?FloorId=185&RestaurantId=285&tab=floor-14F&EntryPoint=info_floors&Source=Website,https://www.feds.com.tw/tw/55/MallInfo?tab=floor-14F&Source=Website&EntryPoint=info_floor,主題餐廳
遠百信義 A13,14F,貓將壽司,https://www.feds.com.tw/tw/55/MallInfo/FloorRestaurant?FloorId=185&RestaurantId=470&tab=floor-14F&EntryPoint=info_floors&Source=Website,https://www.feds.com.tw/tw/55/MallInfo?tab=floor-14F&Source=Website&EntryPoint=info_floor,主題餐廳
遠百信義 A13,B2,blank.,https://www.feds.com.tw/tw/55/MallInfo/FloorStore?FloorId=187&StoreId=10824&tab=floor-B2&EntryPoint=info_floors&Source=Website,https://www.feds.com.tw/tw/55/MallInfo?tab=floor-B2&Source=Website&EntryPoint=info_floor,流行時尚
遠百信義 A13,B2,C.YOU,https://www.feds.com.tw/tw/55/MallInfo/FloorStore?FloorId=187&StoreId=11705&tab=floor-B2&EntryPoint=info_floors&Source=Website,https://www.feds.com.tw/tw/55/MallInfo?tab=floor-B2&Source=Website&EntryPoint=info_floor,流行時尚
遠百信義 A13,B2,HAI,https://www.feds.com.tw/tw/55/MallInfo/FloorStore?FloorId=187&StoreId=11777&tab=floor-B2&EntryPoint=info_floors&Source=Website,https://www.feds.com.tw/tw/55/MallInfo?tab=floor-B2&Source=Website&EntryPoint=info_floor,流行時尚
遠百信義 A13,B2,HAZZYS,https://www.feds.com.tw/tw/55/MallInfo/FloorStore?FloorId=187&StoreId=9133&tab=floor-B2&EntryPoint=info_floors&Source=Website,https://www.feds.com.tw/tw/55/MallInfo?tab=floor-B2&Source=Website&EntryPoint=info_floor,流行時尚
遠百信義 A13,B2,HUNTER,https://www.feds.com.tw/tw/55/MallInfo/FloorStore?FloorId=187&StoreId=9136&tab=floor-B2&EntryPoint=info_floors&Source=Website,https://www.feds.com.tw/tw/55/MallInfo?tab=floor-B2&Source=Website&EntryPoint=info_floor,流行時尚
遠百信義 A13,B2,odbo,https://www.feds.com.tw/tw/55/MallInfo/FloorStore?FloorId=187&StoreId=11924&tab=floor-B2&EntryPoint=info_floors&Source=Website,https://www.feds.com.tw/tw/55/MallInfo?tab=floor-B2&Source=Website&EntryPoint=info_floor,流行時尚
遠百信義 A13,B2,QUIKSILVER & ROXY,https://www.feds.com.tw/tw/55/MallInfo/FloorStore?FloorId=187&StoreId=9920&tab=floor-B2&EntryPoint=info_floors&Source=Website,https://www.feds.com.tw/tw/55/MallInfo?tab=floor-B2&Source=Website&EntryPoint=info_floor,流行時尚
遠百信義 A13,B2,ROOTS,https://www.feds.com.tw/tw/55/MallInfo/FloorStore?FloorId=187&StoreId=9132&tab=floor-B2&EntryPoint=info_floors&Source=Website,https://www.feds.com.tw/tw/55/MallInfo?tab=floor-B2&Source=Website&EntryPoint=info_floor,流行時尚
遠百信義 A13,B2,SPORT b.,https://www.feds.com.tw/tw/55/MallInfo/FloorStore?FloorId=187&StoreId=9137&tab=floor-B2&EntryPoint=info_floors&Source=Website,https://www.feds.com.tw/tw/55/MallInfo?tab=floor-B2&Source=Website&EntryPoint=info_floor,流行時尚
遠百信義 A13,B2,SUI LUX,https://www.feds.com.tw/tw/55/MallInfo/FloorStore?FloorId=187&StoreId=11942&tab=floor-B2&EntryPoint=info_floors&Source=Website,https://www.feds.com.tw/tw/55/MallInfo?tab=floor-B2&Source=Website&EntryPoint=info_floor,流行時尚
遠百信義 A13,B2,Timberland,https://www.feds.com.tw/tw/55/MallInfo/FloorStore?FloorId=187&StoreId=10869&tab=floor-B2&EntryPoint=info_floors&Source=Website,https://www.feds.com.tw/tw/55/MallInfo?tab=floor-B2&Source=Website&EntryPoint=info_floor,流行時尚
遠百信義 A13,B2,Belice,https://www.feds.com.tw/tw/55/MallInfo/FloorStore?FloorId=187&StoreId=11976&tab=floor-B2&EntryPoint=info_floors&Source=Website,https://www.feds.com.tw/tw/55/MallInfo?tab=floor-B2&Source=Website&EntryPoint=info_floor,飾品配件
遠百信義 A13,B2,Hanako Goods,https://www.feds.com.tw/tw/55/MallInfo/FloorStore?FloorId=187&StoreId=10006&tab=floor-B2&EntryPoint=info_floors&Source=Website,https://www.feds.com.tw/tw/55/MallInfo?tab=floor-B2&Source=Website&EntryPoint=info_floor,飾品配件
遠百信義 A13,B2,眼鏡市場,https://www.feds.com.tw/tw/55/MallInfo/FloorStore?FloorId=187&StoreId=10343&tab=floor-B2&EntryPoint=info_floors&Source=Website,https://www.feds.com.tw/tw/55/MallInfo?tab=floor-B2&Source=Website&EntryPoint=info_floor,飾品配件
遠百信義 A13,B2,Jeffrey Campbell,https://www.feds.com.tw/tw/55/MallInfo/FloorStore?FloorId=187&StoreId=9156&tab=floor-B2&EntryPoint=info_floors&Source=Website,https://www.feds.com.tw/tw/55/MallInfo?tab=floor-B2&Source=Website&EntryPoint=info_floor,鞋類包款
遠百信義 A13,B2,VINCE CAMUTO,https://www.feds.com.tw/tw/55/MallInfo/FloorStore?FloorId=187&StoreId=9154&tab=floor-B2&EntryPoint=info_floors&Source=Website,https://www.feds.com.tw/tw/55/MallInfo?tab=floor-B2&Source=Website&EntryPoint=info_floor,鞋類包款
遠百信義 A13,B2,Dogday狗日子寵物精品,https://www.feds.com.tw/tw/55/MallInfo/FloorStore?FloorId=187&StoreId=10809&tab=floor-B2&EntryPoint=info_floors&Source=Website,https://www.feds.com.tw/tw/55/MallInfo?tab=floor-B2&Source=Website&EntryPoint=info_floor,專門店
遠百信義 A13,B2,日藥本舖,https://www.feds.com.tw/tw/55/MallInfo/FloorStore?FloorId=187&StoreId=9376&tab=floor-B2&EntryPoint=info_floors&Source=Website,https://www.feds.com.tw/tw/55/MallInfo?tab=floor-B2&Source=Website&EntryPoint=info_floor,專門店
遠百信義 A13,B2,GODIVA,https://www.feds.com.tw/tw/55/MallInfo/FloorStore?FloorId=187&StoreId=9305&tab=floor-B2&EntryPoint=info_floors&Source=Website,https://www.feds.com.tw/tw/55/MallInfo?tab=floor-B2&Source=Website&EntryPoint=info_floor,禮品禮盒
遠百信義 A13,B2,See's CANDIES,https://www.feds.com.tw/tw/55/MallInfo/FloorStore?FloorId=187&StoreId=9304&tab=floor-B2&EntryPoint=info_floors&Source=Website,https://www.feds.com.tw/tw/55/MallInfo?tab=floor-B2&Source=Website&EntryPoint=info_floor,禮品禮盒
遠百信義 A13,B2,AQUAMAX,https://www.feds.com.tw/tw/55/MallInfo/FloorStore?FloorId=187&StoreId=11950&tab=floor-B2&EntryPoint=info_floors&Source=Website,https://www.feds.com.tw/tw/55/MallInfo?tab=floor-B2&Source=Website&EntryPoint=info_floor,SPA香氛
遠百信義 A13,B2,DR.WU,https://www.feds.com.tw/tw/55/MallInfo/FloorStore?FloorId=187&StoreId=11464&tab=floor-B2&EntryPoint=info_floors&Source=Website,https://www.feds.com.tw/tw/55/MallInfo?tab=floor-B2&Source=Website&EntryPoint=info_floor,SPA香氛
遠百信義 A13,B2,L'ERBOLARIO 蕾莉歐,https://www.feds.com.tw/tw/55/MallInfo/FloorStore?FloorId=187&StoreId=9294&tab=floor-B2&EntryPoint=info_floors&Source=Website,https://www.feds.com.tw/tw/55/MallInfo?tab=floor-B2&Source=Website&EntryPoint=info_floor,SPA香氛
遠百信義 A13,B2,謙碩服裝修改室,https://www.feds.com.tw/tw/55/MallInfo/FloorStore?FloorId=187&StoreId=9138&tab=floor-B2&EntryPoint=info_floors&Source=Website,https://www.feds.com.tw/tw/55/MallInfo?tab=floor-B2&Source=Website&EntryPoint=info_floor,其他
遠百信義 A13,B2,澤井咖啡 SAWAI COFFE,https://www.feds.com.tw/tw/55/MallInfo/FloorStore?FloorId=187&StoreId=12044&tab=floor-B2&EntryPoint=info_floors&Source=Website,https://www.feds.com.tw/tw/55/MallInfo?tab=floor-B2&Source=Website&EntryPoint=info_floor,輕食咖啡
遠百信義 A13,B2,Triumph 黛安芬,https://www.feds.com.tw/tw/55/MallInfo/FloorStore?FloorId=187&StoreId=11626&tab=floor-B2&EntryPoint=info_floors&Source=Website,https://www.feds.com.tw/tw/55/MallInfo?tab=floor-B2&Source=Website&EntryPoint=info_floor,男女內著
遠百信義 A13,B2,Wacoal 華歌爾,https://www.feds.com.tw/tw/55/MallInfo/FloorStore?FloorId=187&StoreId=9131&tab=floor-B2&EntryPoint=info_floors&Source=Website,https://www.feds.com.tw/tw/55/MallInfo?tab=floor-B2&Source=Website&EntryPoint=info_floor,男女內著
遠百信義 A13,B3,Cold Stone,https://www.feds.com.tw/tw/55/MallInfo/FloorStore?FloorId=188&StoreId=10897&tab=floor-B3&EntryPoint=info_floors&Source=Website,https://www.feds.com.tw/tw/55/MallInfo?tab=floor-B3&Source=Website&EntryPoint=info_floor,輕食咖啡
遠百信義 A13,B3,Mister Donut,https://www.feds.com.tw/tw/55/MallInfo/FloorStore?FloorId=188&StoreId=10896&tab=floor-B3&EntryPoint=info_floors&Source=Website,https://www.feds.com.tw/tw/55/MallInfo?tab=floor-B3&Source=Website&EntryPoint=info_floor,輕食咖啡
遠百信義 A13,B3,天仁Chaffee,https://www.feds.com.tw/tw/55/MallInfo/FloorStore?FloorId=188&StoreId=9310&tab=floor-B3&EntryPoint=info_floors&Source=Website,https://www.feds.com.tw/tw/55/MallInfo?tab=floor-B3&Source=Website&EntryPoint=info_floor,輕食咖啡
遠百信義 A13,B3,有口芙,https://www.feds.com.tw/tw/55/MallInfo/FloorStore?FloorId=188&StoreId=12039&tab=floor-B3&EntryPoint=info_floors&Source=Website,https://www.feds.com.tw/tw/55/MallInfo?tab=floor-B3&Source=Website&EntryPoint=info_floor,輕食咖啡
遠百信義 A13,B3,澤井咖啡 SAWAI COFFE,https://www.feds.com.tw/tw/55/MallInfo/FloorStore?FloorId=188&StoreId=12045&tab=floor-B3&EntryPoint=info_floors&Source=Website,https://www.feds.com.tw/tw/55/MallInfo?tab=floor-B3&Source=Website&EntryPoint=info_floor,輕食咖啡
遠百信義 A13,B3,黑方巧克力,https://www.feds.com.tw/tw/55/MallInfo/FloorStore?FloorId=188&StoreId=11512&tab=floor-B3&EntryPoint=info_floors&Source=Website,https://www.feds.com.tw/tw/55/MallInfo?tab=floor-B3&Source=Website&EntryPoint=info_floor,輕食咖啡
遠百信義 A13,B3,Brusa,https://www.feds.com.tw/tw/55/MallInfo/FloorStore?FloorId=188&StoreId=9339&tab=floor-B3&EntryPoint=info_floors&Source=Website,https://www.feds.com.tw/tw/55/MallInfo?tab=floor-B3&Source=Website&EntryPoint=info_floor,禮品禮盒
遠百信義 A13,B3,奇華餅家,https://www.feds.com.tw/tw/55/MallInfo/FloorStore?FloorId=188&StoreId=11992&tab=floor-B3&EntryPoint=info_floors&Source=Website,https://www.feds.com.tw/tw/55/MallInfo?tab=floor-B3&Source=Website&EntryPoint=info_floor,禮品禮盒
遠百信義 A13,B3,彌菓,https://www.feds.com.tw/tw/55/MallInfo/FloorStore?FloorId=188&StoreId=9704&tab=floor-B3&EntryPoint=info_floors&Source=Website,https://www.feds.com.tw/tw/55/MallInfo?tab=floor-B3&Source=Website&EntryPoint=info_floor,禮品禮盒
遠百信義 A13,B3,御奉茗茶,https://www.feds.com.tw/tw/55/MallInfo/FloorStore?FloorId=188&StoreId=11993&tab=floor-B3&EntryPoint=info_floors&Source=Website,https://www.feds.com.tw/tw/55/MallInfo?tab=floor-B3&Source=Website&EntryPoint=info_floor,禮品禮盒
遠百信義 A13,B3,源之家,https://www.feds.com.tw/tw/55/MallInfo/FloorStore?FloorId=188&StoreId=9669&tab=floor-B3&EntryPoint=info_floors&Source=Website,https://www.feds.com.tw/tw/55/MallInfo?tab=floor-B3&Source=Website&EntryPoint=info_floor,禮品禮盒
遠百信義 A13,B3,老行家 (燕窩),https://www.feds.com.tw/tw/55/MallInfo/FloorStore?FloorId=188&StoreId=10898&tab=floor-B3&EntryPoint=info_floors&Source=Website,https://www.feds.com.tw/tw/55/MallInfo?tab=floor-B3&Source=Website&EntryPoint=info_floor,禮品禮盒
遠百信義 A13,B3,劉媽媽抄手大滷麵,https://www.feds.com.tw/tw/55/MallInfo/FloorStore?FloorId=188&StoreId=10901&tab=floor-B3&EntryPoint=info_floors&Source=Website,https://www.feds.com.tw/tw/55/MallInfo?tab=floor-B3&Source=Website&EntryPoint=info_floor,美食小吃
遠百信義 A13,B3,7-ELEVEN 便利商店,https://www.feds.com.tw/tw/55/MallInfo/FloorStore?FloorId=188&StoreId=9309&tab=floor-B3&EntryPoint=info_floors&Source=Website,https://www.feds.com.tw/tw/55/MallInfo?tab=floor-B3&Source=Website&EntryPoint=info_floor,生鮮超市
遠百信義 A13,B3,city'super,https://www.feds.com.tw/tw/55/MallInfo/FloorStore?FloorId=188&StoreId=9306&tab=floor-B3&EntryPoint=info_floors&Source=Website,https://www.feds.com.tw/tw/55/MallInfo?tab=floor-B3&Source=Website&EntryPoint=info_floor,生鮮超市
遠百信義 A13,B3,JPW寵物推車,https://www.feds.com.tw/tw/55/MallInfo/FloorStore?FloorId=188&StoreId=11965&tab=floor-B3&EntryPoint=info_floors&Source=Website,https://www.feds.com.tw/tw/55/MallInfo?tab=floor-B3&Source=Website&EntryPoint=info_floor,專門店
遠百信義 A13,B3,康是美藥妝店,https://www.feds.com.tw/tw/55/MallInfo/FloorStore?FloorId=188&StoreId=9314&tab=floor-B3&EntryPoint=info_floors&Source=Website,https://www.feds.com.tw/tw/55/MallInfo?tab=floor-B3&Source=Website&EntryPoint=info_floor,專門店
遠百信義 A13,B3,異國食品館,https://www.feds.com.tw/tw/55/MallInfo/FloorStore?FloorId=188&StoreId=9351&tab=floor-B3&EntryPoint=info_floors&Source=Website,https://www.feds.com.tw/tw/55/MallInfo?tab=floor-B3&Source=Website&EntryPoint=info_floor,專門店
遠百信義 A13,B3,上善豆家,https://www.feds.com.tw/tw/55/MallInfo/FloorStore?FloorId=188&StoreId=11015&tab=floor-B3&EntryPoint=info_floors&Source=Website,https://www.feds.com.tw/tw/55/MallInfo?tab=floor-B3&Source=Website&EntryPoint=info_floor,主題餐廳
遠百信義 A13,B3,海壽司,https://www.feds.com.tw/tw/55/MallInfo/FloorStore?FloorId=188&StoreId=11260&tab=floor-B3&EntryPoint=info_floors&Source=Website,https://www.feds.com.tw/tw/55/MallInfo?tab=floor-B3&Source=Website&EntryPoint=info_floor,主題餐廳
遠百信義 A13,B3,義饗屋,https://www.feds.com.tw/tw/55/MallInfo/FloorStore?FloorId=188&StoreId=10564&tab=floor-B3&EntryPoint=info_floors&Source=Website,https://www.feds.com.tw/tw/55/MallInfo?tab=floor-B3&Source=Website&EntryPoint=info_floor,主題餐廳
遠百信義 A13,B3,長浜魚屋,https://www.feds.com.tw/tw/55/MallInfo/FloorStore?FloorId=188&StoreId=11653&tab=floor-B3&EntryPoint=info_floors&Source=Website,https://www.feds.com.tw/tw/55/MallInfo?tab=floor-B3&Source=Website&EntryPoint=info_floor,主題餐廳
遠百信義 A13,B3,吳寶春,https://www.feds.com.tw/tw/55/MallInfo/FloorStore?FloorId=188&StoreId=9434&tab=floor-B3&EntryPoint=info_floors&Source=Website,https://www.feds.com.tw/tw/55/MallInfo?tab=floor-B3&Source=Website&EntryPoint=info_floor,甜點麵包
